Compound,T,Cp,S,(G-H)/T,SH,Hf,G,logKf
Methane,0.0,0.0,0.0,inf,-10.024,-66.911,-66.911,inf
Methane,100.0,33.258,149.5,216.485,-6.698,-69.644,-64.353,33.615
Methane,200.0,33.4733,172.577,189.418,-3.368,-72.027,-55.161,15.19
Methane,250.0,34.216,180.113,186.829,-1.679,-73.426,-54.536,11.395
Methane,298.15,35.639,186.251,186.251,0.0,-74.873,-50.768,8.894
Methane,300.0,35.708,186.472,186.252,0.066,-74.929,-50.618,8.813
Methane,350.0,37.874,192.131,186.694,1.903,-76.461,-46.445,6.932
Methane,400.0,40.5,197.356,187.704,3.861,-77.969,-42.054,5.492
Methane,450.0,43.374,202.291,189.053,5.957,-79.422,-37.476,4.35
Methane,500.0,46.342,207.014,190.614,8.2,-80.802,-32.741,3.42
Methane,600.0,52.227,215.987,194.103,13.13,-83.308,-22.887,1.993
Methane,700.0,57.794,224.461,197.84,18.635,-85.452,-12.643,0.943
Methane,800.0,62.932,232.518,201.675,24.675,-87.238,-2.115,0.138
Methane,900.0,67.601,240.205,205.532,31.205,-88.692,8.616,-0.5
Methane,1000.0,71.795,247.549,209.37,38.179,-89.849,19.492,-1.018
Methane,1100.0,75.529,254.57,213.162,45.549,-90.75,30.472,-1.447
Methane,1200.0,78.833,261.287,216.895,53.27,-91.437,41.524,-1.807
Methane,1300.0,81.744,267.714,220.558,61.302,-91.945,52.626,-2.115
Methane,1400.0,84.305,273.868,224.148,69.608,-92.308,63.761,-2.379
Methane,1500.0,86.556,279.763,227.66,78.153,-92.553,74.918,-2.609
Methane,1600.0,88.537,285.413,231.095,86.91,-92.703,86.088,-2.81
Methane,1700.0,90.283,290.834,234.45,95.853,-92.78,97.265,-2.989
Methane,1800.0,91.824,296.039,237.728,104.96,-92.797,108.445,-3.147
Methane,1900.0,93.188,301.041,240.93,114.212,-92.77,119.624,-3.289
Methane,2000.0,94.399,305.853,244.057,123.592,-92.709,130.802,-3.416
Methane,2100.0,95.477,310.485,247.11,133.087,-92.624,141.975,-3.531
Methane,2200.0,96.439,314.949,250.093,142.684,-92.521,153.144,-3.636
Methane,2300.0,97.301,319.255,253.007,152.371,-92.409,164.308,-3.732
Methane,2400.0,98.075,323.413,255.854,162.141,-92.291,175.467,-3.819
Methane,2500.0,98.772,327.431,258.638,171.984,-92.174,186.622,-3.899
Methane,2600.0,99.401,331.317,261.359,181.893,-92.06,197.771,-3.973
Methane,2700.0,99.971,335.08,264.02,191.862,-91.954,208.916,-4.042
Methane,2800.0,100.489,338.725,266.623,201.885,-91.857,220.058,-4.105
Methane,2900.0,100.96,342.26,269.171,211.958,-91.773,231.196,-4.164
Methane,3000.0,101.389,345.69,271.664,222.076,-91.705,242.332,-4.219
Methane,3100.0,101.782,349.021,274.106,232.235,-91.653,253.465,-4.271
Methane,3200.0,102.143,352.258,276.498,242.431,-91.621,264.598,-4.319
Methane,3300.0,102.474,355.406,278.842,252.662,-91.609,275.73,-4.364
Methane,3400.0,102.778,358.47,281.139,262.925,-91.619,286.861,-4.407
Methane,3500.0,103.06,361.453,283.391,273.217,-91.654,297.993,-4.447
Methane,3600.0,103.319,364.36,285.6,283.536,-91.713,309.127,-4.485
Methane,3700.0,103.56,367.194,287.767,293.881,-91.798,320.262,-4.521
Methane,3800.0,103.783,369.959,289.894,304.248,-91.911,331.401,-4.555
Methane,3900.0,103.99,372.658,291.982,314.637,-92.051,342.542,-4.588
Methane,4000.0,104.183,375.293,294.032,325.045,-92.222,353.687,-4.619
Methane,4100.0,104.363,377.868,296.045,335.473,-92.422,364.838,-4.648
Methane,4200.0,104.531,380.385,298.023,345.918,-92.652,375.993,-4.676
Methane,4300.0,104.688,382.846,299.967,356.379,-92.914,387.155,-4.703
Methane,4400.0,104.834,385.255,301.879,366.855,-93.208,398.322,-4.729
Methane,4500.0,104.972,387.612,303.758,377.345,-93.533,409.497,-4.753
Methane,4600.0,105.101,389.921,305.606,387.849,-93.891,420.679,-4.777
Methane,4700.0,105.223,392.182,307.424,398.365,-94.281,431.869,-4.8
Methane,4800.0,105.337,394.399,309.213,408.893,-94.702,443.069,-4.822
Methane,4900.0,105.445,396.572,310.973,419.432,-95.156,454.277,-4.843
Methane,5000.0,105.546,398.703,312.707,429.982,-95.641,465.495,-4.863
Methane,5100.0,105.642,400.794,314.414,440.541,-96.157,476.722,-4.883
Methane,5200.0,105.733,402.847,316.095,451.11,-96.703,487.961,-4.902
Methane,5300.0,105.818,404.861,317.75,461.688,-97.278,499.21,-4.92
Methane,5400.0,105.899,406.84,319.382,472.274,-97.882,510.47,-4.938
Methane,5500.0,105.976,408.784,320.99,482.867,-98.513,521.741,-4.955
Methane,5600.0,106.049,410.694,322.575,493.469,-99.17,533.025,-4.972
Methane,5700.0,106.118,412.572,324.137,504.077,-99.852,544.32,-4.988
Methane,5800.0,106.184,414.418,325.678,514.692,-100.557,555.628,-5.004
Methane,5900.0,106.247,416.234,327.197,525.314,-101.284,566.946,-5.019
Methane,6000.0,106.306,418.02,328.696,535.942,-102.032,578.279,-5.034
Carbon_Dioxide,0.0,0.0,0.0,inf,-9.364,-393.151,-393.151,inf
Carbon_Dioxide,100.0,29.208,179.009,243.568,-6.456,-393.208,-393.683,205.639
Carbon_Dioxide,200.0,32.359,199.975,217.046,-3.414,-393.404,-394.085,102.924
Carbon_Dioxide,298.15,37.129,213.795,213.795,0.0,-393.522,-394.389,69.095
Carbon_Dioxide,300.0,37.221,214.025,213.795,0.069,-393.523,-394.394,68.67
Carbon_Dioxide,400.0,41.325,225.314,215.307,4.003,-393.583,-394.675,51.539
Carbon_Dioxide,500.0,44.627,234.901,218.29,8.305,-393.666,-394.939,41.259
Carbon_Dioxide,600.0,47.321,243.283,221.772,12.907,-393.803,-395.182,34.404
Carbon_Dioxide,700.0,49.564,250.75,225.388,17.754,-393.983,-395.398,29.505
Carbon_Dioxide,800.0,51.434,257.494,228.986,22.806,-394.168,-395.586,25.829
Carbon_Dioxide,900.0,52.999,263.645,232.5,28.03,-394.405,-395.748,22.969
Carbon_Dioxide,1000.0,54.308,269.299,235.901,33.397,-394.623,-395.886,20.679
Carbon_Dioxide,1100.0,55.409,274.528,239.178,38.884,-394.838,-396.001,18.805
Carbon_Dioxide,1200.0,56.342,279.39,242.329,44.473,-395.05,-396.098,17.242
Carbon_Dioxide,1300.0,57.137,283.932,245.356,50.148,-395.257,-396.177,15.919
Carbon_Dioxide,1400.0,57.802,288.191,248.265,55.896,-395.462,-396.24,14.784
Carbon_Dioxide,1500.0,58.379,292.199,251.062,61.705,-395.668,-396.288,13.8
Carbon_Dioxide,1600.0,58.886,295.983,253.753,67.569,-395.876,-396.323,12.939
Carbon_Dioxide,1700.0,59.317,299.566,256.343,73.48,-396.09,-396.344,12.178
Carbon_Dioxide,1800.0,59.701,302.968,258.84,79.431,-396.311,-396.353,11.502
Carbon_Dioxide,1900.0,60.049,306.205,261.248,85.419,-396.542,-396.349,10.896
Carbon_Dioxide,2000.0,60.35,309.293,263.574,91.439,-396.784,-396.333,10.351
Carbon_Dioxide,2100.0,60.622,312.244,265.822,97.488,-397.039,-396.301,9.858
Carbon_Dioxide,2200.0,60.865,315.07,267.996,103.562,-397.309,-396.262,9.408
Carbon_Dioxide,2300.0,61.086,317.781,270.102,109.66,-397.596,-396.209,8.998
Carbon_Dioxide,2400.0,61.287,320.385,272.144,115.779,-397.9,-396.142,8.622
Carbon_Dioxide,2500.0,61.471,322.89,274.124,121.917,-398.222,-396.062,8.275
Carbon_Dioxide,2600.0,61.647,325.305,276.046,128.073,-398.562,-395.969,7.955
Carbon_Dioxide,2700.0,61.802,327.634,277.914,134.246,-398.921,-395.862,7.658
Carbon_Dioxide,2800.0,61.952,329.885,279.73,140.433,-399.299,-395.742,7.383
Carbon_Dioxide,2900.0,62.095,332.061,281.497,146.636,-399.695,-395.609,7.126
Carbon_Dioxide,3000.0,62.229,334.169,283.218,152.852,-400.111,-395.461,6.886
Carbon_Dioxide,3100.0,62.347,336.211,284.895,159.081,-400.545,-395.298,6.661
Carbon_Dioxide,3200.0,62.462,338.192,286.529,165.321,-400.998,-395.122,6.45
Carbon_Dioxide,3300.0,62.573,340.116,288.124,171.573,-401.47,-394.932,6.251
Carbon_Dioxide,3400.0,62.681,341.986,289.681,177.836,-401.96,-394.726,6.064
Carbon_Dioxide,3500.0,62.785,343.804,291.202,184.109,-402.467,-394.506,5.888
Carbon_Dioxide,3600.0,62.884,345.574,292.687,190.393,-402.991,-394.271,5.721
Carbon_Dioxide,3700.0,37.589,281.45,249.101,119.693,-134.36,-423.165,5.974
Carbon_Dioxide,3800.0,37.631,282.453,249.965,123.454,-135.405,-430.956,5.924
Carbon_Dioxide,3900.0,37.673,283.431,250.811,127.219,-136.464,-438.72,5.876
Carbon_Dioxide,4000.0,37.715,284.386,251.638,130.989,-137.537,-446.457,5.83
Carbon_Dioxide,4100.0,37.756,285.317,252.449,134.762,-138.623,-454.166,5.786
Carbon_Dioxide,4200.0,37.794,286.228,253.242,138.54,-139.723,-461.849,5.744
Carbon_Dioxide,4300.0,37.832,287.117,254.02,142.321,-140.836,-469.506,5.703
Carbon_Dioxide,4400.0,37.869,287.988,254.782,146.106,-141.963,-477.136,5.664
Carbon_Dioxide,4500.0,37.903,288.839,255.529,149.895,-143.103,-484.741,5.627
Carbon_Dioxide,4600.0,37.941,289.673,256.262,153.687,-144.257,-492.321,5.59
Carbon_Dioxide,4700.0,37.974,290.489,256.982,157.483,-145.424,-499.875,5.555
Carbon_Dioxide,4800.0,38.007,291.289,257.688,161.282,-146.605,-507.404,5.522
Carbon_Dioxide,4900.0,38.041,292.073,258.382,165.084,-147.8,-514.908,5.489
Carbon_Dioxide,5000.0,38.074,292.842,259.064,168.89,-149.009,-522.387,5.457
Carbon_Dioxide,5100.0,38.104,293.596,259.733,172.699,-150.231,-529.843,5.427
Carbon_Dioxide,5200.0,38.137,294.336,260.392,176.511,-151.469,-537.275,5.397
Carbon_Dioxide,5300.0,38.171,295.063,261.039,180.326,-152.721,-544.681,5.368
Carbon_Dioxide,5400.0,38.2,295.777,261.676,184.146,-153.987,-552.065,5.34
Carbon_Dioxide,5500.0,38.074,296.476,262.302,187.957,-155.279,-559.426,5.313
Carbon_Dioxide,5600.0,38.263,297.164,262.919,191.775,-156.585,-566.762,5.287
Carbon_Dioxide,5700.0,38.296,297.842,263.525,195.603,-157.899,-574.075,5.261
Carbon_Dioxide,5800.0,38.325,298.508,264.123,199.434,-159.23,-581.364,5.236
Carbon_Dioxide,5900.0,38.355,299.163,264.711,203.268,-160.579,-588.631,5.211
Carbon_Dioxide,6000.0,38.388,299.808,265.291,207.106,-161.945,-595.875,5.188
Water,0.0,0.0,0.0,inf,-9.904,-238.921,-238.921,inf
Water,100.0,33.299,152.388,218.534,-6.615,-240.083,-236.584,123.579
Water,200.0,33.349,175.485,191.896,-3.282,-240.9,-232.766,60.792
Water,298.15,33.59,188.834,188.834,0.0,-241.826,-228.582,40.047
Water,300.0,33.596,189.042,188.835,0.062,-241.844,-228.5,39.785
Water,400.0,34.262,198.788,190.159,3.452,-242.846,-223.901,29.238
Water,500.0,35.226,206.534,192.685,6.925,-243.826,-219.051,22.884
Water,600.0,36.325,213.052,195.55,10.501,-244.758,-214.007,18.631
Water,700.0,37.495,218.739,198.465,14.192,-245.632,-208.612,15.582
Water,800.0,38.721,223.825,201.322,18.002,-246.443,-203.496,13.287
Water,900.0,39.987,228.459,204.084,21.938,-247.185,-198.083,11.496
Water,1000.0,41.268,232.738,206.738,26.0,-247.857,-192.59,10.06
Water,1100.0,42.536,236.731,209.285,30.191,-248.46,-187.033,8.881
Water,1200.0,43.768,240.485,211.73,34.506,-248.997,-181.425,7.897
Water,1300.0,44.945,244.035,214.08,38.942,-249.473,-175.774,7.063
Water,1400.0,46.054,247.407,216.341,43.493,-249.894,-170.089,6.346
Water,1500.0,47.09,250.62,218.52,48.151,-250.265,-164.376,5.724
Water,1600.0,48.05,253.69,220.623,52.908,-250.592,-158.639,5.179
Water,1700.0,48.935,256.63,222.655,57.758,-250.881,-152.883,4.698
Water,1800.0,49.749,259.451,224.621,62.693,-251.138,-147.111,4.269
Water,1900.0,50.496,262.161,226.526,67.706,-251.368,-141.325,3.885
Water,2000.0,51.18,264.769,228.374,72.79,-251.575,-135.528,3.54
Water,2100.0,51.823,267.282,230.167,77.941,-251.762,-129.721,3.227
Water,2200.0,52.408,269.706,231.909,83.153,-251.934,-123.905,2.942
Water,2300.0,52.947,272.048,233.604,88.421,-252.092,-118.082,2.682
Water,2400.0,53.444,274.312,235.253,93.741,-252.239,-112.252,2.443
Water,2500.0,53.904,276.503,236.86,99.108,-252.379,-106.416,2.223
Water,2600.0,54.329,278.625,238.425,104.52,-252.513,-100.575,2.021
Water,2700.0,54.723,280.683,239.952,109.973,-252.643,-94.729,1.833
Water,2800.0,55.089,282.68,241.443,115.464,-252.771,-88.878,1.658
Water,2900.0,55.43,284.619,242.899,120.99,-252.897,-83.023,1.495
Water,3000.0,55.748,286.504,244.321,126.549,-253.024,-77.163,1.344
Water,3100.0,56.044,288.337,245.711,132.139,-253.152,-71.298,1.201
Water,3200.0,56.323,290.12,247.071,137.757,-253.282,-65.43,1.068
Water,3300.0,56.583,291.858,248.402,143.403,-253.416,-59.558,0.943
Water,3400.0,56.823,293.55,249.705,149.073,-253.553,-53.681,0.825
Water,3500.0,57.058,295.201,250.982,154.768,-253.696,-47.801,0.713
Water,3600.0,57.276,296.812,252.233,160.485,-253.844,-41.916,0.608
Water,3700.0,57.48,298.384,253.459,166.222,-253.997,-36.027,0.509
Water,3800.0,57.675,299.919,254.661,171.98,-254.158,-30.133,0.414
Water,3900.0,57.859,301.42,255.841,177.757,-254.326,-24.236,0.325
Water,4000.0,58.033,302.887,256.999,183.552,-254.501,-18.334,0.239
Water,4100.0,58.199,304.322,258.136,189.363,-254.684,-12.427,0.158
Water,4200.0,58.357,305.726,259.252,195.191,-254.876,-6.516,0.081
Water,4300.0,58.507,307.101,260.349,201.034,-255.078,-0.6,0.007
Water,4400.0,58.65,308.448,261.427,206.892,-255.288,5.32,-0.063
Water,4500.0,58.787,309.767,262.486,212.764,-255.508,11.245,-0.131
Water,4600.0,58.918,311.061,263.528,218.65,-255.738,17.175,-0.195
Water,4700.0,59.044,312.329,264.553,224.548,-255.978,23.111,-0.257
Water,4800.0,59.164,313.574,265.562,230.458,-256.229,29.052,-0.316
Water,4900.0,59.275,314.795,266.554,236.38,-256.491,34.998,-0.373
Water,5000.0,59.39,315.993,267.531,242.313,-256.763,40.949,-0.428
Water,5100.0,59.509,317.171,268.493,248.256,-257.046,46.906,-0.48
Water,5200.0,59.628,318.327,269.44,254.215,-257.338,52.869,-0.531
Water,5300.0,59.746,319.464,270.373,260.184,-257.639,59.838,-0.58
Water,5400.0,59.864,320.582,271.293,266.164,-257.95,64.811,-0.627
Water,5500.0,59.982,321.682,272.199,272.157,-258.268,70.791,-0.672
Water,5600.0,60.1,322.764,273.092,278.161,-258.595,76.777,-0.716
Water,5700.0,60.218,323.828,273.973,284.177,-258.93,82.769,-0.758
Water,5800.0,60.335,324.877,274.841,290.204,-259.272,88.787,-0.799
Water,5900.0,60.453,325.909,275.698,296.244,-259.621,94.77,-0.839
Water,6000.0,60.571,326.926,276.544,302.295,-259.977,100.78,-0.877
Oxygen,0.0,0.0,0.0,inf,-8.683,0.0,0.0,0.0
Oxygen,100.0,29.106,173.307,231.094,-5.779,0.0,0.0,0.0
Oxygen,200.0,29.126,193.485,207.823,-2.868,0.0,0.0,0.0
Oxygen,250.0,29.201,199.99,205.63,-1.41,0.0,0.0,0.0
Oxygen,298.15,29.376,205.147,205.147,0.0,0.0,0.0,0.0
Oxygen,300.0,29.385,205.329,205.148,0.054,0.0,0.0,0.0
Oxygen,350.0,29.694,209.88,205.506,1.531,0.0,0.0,0.0
Oxygen,400.0,30.106,213.871,206.308,3.025,0.0,0.0,0.0
Oxygen,450.0,30.584,217.445,207.35,4.543,0.0,0.0,0.0
Oxygen,500.0,31.091,220.693,208.524,6.084,0.0,0.0,0.0
Oxygen,600.0,32.09,226.451,211.044,9.244,0.0,0.0,0.0
Oxygen,700.0,32.981,231.466,213.611,12.499,0.0,0.0,0.0
Oxygen,800.0,33.733,235.921,216.126,15.835,0.0,0.0,0.0
Oxygen,900.0,34.355,239.931,218.552,19.241,0.0,0.0,0.0
Oxygen,1000.0,34.87,243.578,220.875,22.703,0.0,0.0,0.0
Oxygen,1100.0,35.3,246.922,223.093,26.212,0.0,0.0,0.0
Oxygen,1200.0,35.667,250.01,225.209,29.761,0.0,0.0,0.0
Oxygen,1300.0,35.988,252.878,227.229,33.344,0.0,0.0,0.0
Oxygen,1400.0,36.277,255.556,229.158,36.957,0.0,0.0,0.0
Oxygen,1500.0,36.544,258.068,231.002,40.599,0.0,0.0,0.0
Oxygen,1600.0,36.796,260.434,232.768,44.266,0.0,0.0,0.0
Oxygen,1700.0,37.04,262.672,234.462,47.958,0.0,0.0,0.0
Oxygen,1800.0,37.277,264.796,236.089,51.673,0.0,0.0,0.0
Oxygen,1900.0,37.51,266.818,237.653,55.413,0.0,0.0,0.0
Oxygen,2000.0,37.741,268.748,239.16,59.175,0.0,0.0,0.0
Oxygen,2100.0,37.969,270.595,240.613,62.961,0.0,0.0,0.0
Oxygen,2200.0,38.195,272.366,242.017,66.769,0.0,0.0,0.0
Oxygen,2300.0,38.419,274.069,243.374,70.6,0.0,0.0,0.0
Oxygen,2400.0,38.639,275.709,244.687,74.453,0.0,0.0,0.0
Oxygen,2500.0,38.856,277.29,245.959,78.328,0.0,0.0,0.0
Oxygen,2600.0,39.068,278.819,247.194,82.224,0.0,0.0,0.0
Oxygen,2700.0,39.276,280.297,248.393,86.141,0.0,0.0,0.0
Oxygen,2800.0,39.478,281.729,249.558,90.079,0.0,0.0,0.0
Oxygen,2900.0,39.674,283.118,250.691,94.036,0.0,0.0,0.0
Oxygen,3000.0,39.864,284.466,251.795,98.013,0.0,0.0,0.0
Oxygen,3100.0,40.048,285.776,252.87,102.009,0.0,0.0,0.0
Oxygen,3200.0,40.225,287.05,253.918,106.023,0.0,0.0,0.0
Oxygen,3300.0,40.395,288.291,254.941,110.054,0.0,0.0,0.0
Oxygen,3400.0,40.559,289.499,255.94,114.102,0.0,0.0,0.0
Oxygen,3500.0,40.716,290.677,256.916,118.165,0.0,0.0,0.0
Oxygen,3600.0,40.868,291.826,257.87,122.245,0.0,0.0,0.0
Oxygen,3700.0,41.013,292.948,258.802,126.339,0.0,0.0,0.0
Oxygen,3800.0,41.154,294.044,259.716,130.447,0.0,0.0,0.0
Oxygen,3900.0,41.289,295.115,260.61,134.569,0.0,0.0,0.0
Oxygen,4000.0,41.421,296.162,261.485,138.705,0.0,0.0,0.0
Oxygen,4100.0,41.549,297.186,261.344,142.854,0.0,0.0,0.0
Oxygen,4200.0,41.674,298.189,263.185,147.015,0.0,0.0,0.0
Oxygen,4300.0,41.798,299.171,264.011,151.188,0.0,0.0,0.0
Oxygen,4400.0,41.92,300.133,264.821,155.374,0.0,0.0,0.0
Oxygen,4500.0,42.042,301.076,265.616,159.572,0.0,0.0,0.0
Oxygen,4600.0,42.164,302.002,266.397,163.783,0.0,0.0,0.0
Oxygen,4700.0,42.287,302.91,267.164,168.005,0.0,0.0,0.0
Oxygen,4800.0,42.413,303.801,267.918,172.24,0.0,0.0,0.0
Oxygen,4900.0,42.542,304.677,268.66,176.488,0.0,0.0,0.0
Oxygen,5000.0,42.675,305.538,269.389,180.749,0.0,0.0,0.0
Oxygen,5100.0,42.813,306.385,270.106,185.023,0.0,0.0,0.0
Oxygen,5200.0,42.956,307.217,270.811,189.311,0.0,0.0,0.0
Oxygen,5300.0,43.105,308.037,271.506,193.614,0.0,0.0,0.0
Oxygen,5400.0,43.262,308.844,272.19,197.933,0.0,0.0,0.0
Oxygen,5500.0,43.426,309.639,272.864,202.267,0.0,0.0,0.0
Oxygen,5600.0,43.599,310.424,273.527,206.618,0.0,0.0,0.0
Oxygen,5700.0,43.781,311.197,274.181,210.987,0.0,0.0,0.0
Oxygen,5800.0,43.973,311.96,274.826,215.375,0.0,0.0,0.0
Oxygen,5900.0,44.175,312.713,275.462,219.782,0.0,0.0,0.0
Oxygen,6000.0,44.387,313.457,276.089,224.21,0.0,0.0,0.0
Hydrogen,0.0,0.0,0.0,inf,-8.467,0.0,0.0,0.0
Hydrogen,100.0,28.154,100.727,155.408,-5.468,0.0,0.0,0.0
Hydrogen,200.0,27.447,119.412,133.284,-2.774,0.0,0.0,0.0
Hydrogen,250.0,28.344,125.64,131.152,-1.378,0.0,0.0,0.0
Hydrogen,298.15,28.836,130.68,130.68,0.0,0.0,0.0,0.0
Hydrogen,300.0,28.849,130.858,130.68,0.053,0.0,0.0,0.0
Hydrogen,350.0,29.081,135.325,131.032,1.502,0.0,0.0,0.0
Hydrogen,400.0,29.181,139.216,131.817,2.959,0.0,0.0,0.0
Hydrogen,450.0,29.229,142.656,132.834,4.42,0.0,0.0,0.0
Hydrogen,500.0,29.26,145.737,133.973,5.882,0.0,0.0,0.0
Hydrogen,600.0,29.327,151.077,136.392,8.811,0.0,0.0,0.0
Hydrogen,700.0,29.441,155.606,138.822,11.749,0.0,0.0,0.0
Hydrogen,800.0,29.624,159.548,141.171,14.702,0.0,0.0,0.0
Hydrogen,900.0,29.881,163.051,143.411,17.676,0.0,0.0,0.0
Hydrogen,1000.0,30.205,166.216,145.536,20.68,0.0,0.0,0.0
Hydrogen,1100.0,30.581,169.112,147.549,23.719,0.0,0.0,0.0
Hydrogen,1200.0,30.992,171.79,149.459,26.797,0.0,0.0,0.0
Hydrogen,1300.0,31.423,174.288,151.274,29.918,0.0,0.0,0.0
Hydrogen,1400.0,31.861,176.633,153.003,33.082,0.0,0.0,0.0
Hydrogen,1500.0,32.298,178.846,154.652,36.29,0.0,0.0,0.0
Hydrogen,1600.0,32.725,180.944,156.231,39.541,0.0,0.0,0.0
Hydrogen,1700.0,33.139,182.94,157.743,42.835,0.0,0.0,0.0
Hydrogen,1800.0,33.537,184.846,159.197,46.169,0.0,0.0,0.0
Hydrogen,1900.0,33.917,186.669,160.595,49.541,0.0,0.0,0.0
Hydrogen,2000.0,34.28,188.418,161.943,52.951,0.0,0.0,0.0
Hydrogen,2100.0,34.624,190.099,163.244,56.397,0.0,0.0,0.0
Hydrogen,2200.0,34.952,191.718,164.501,59.876,0.0,0.0,0.0
Hydrogen,2300.0,35.263,193.278,165.719,63.387,0.0,0.0,0.0
Hydrogen,2400.0,35.559,194.785,166.899,66.928,0.0,0.0,0.0
Hydrogen,2500.0,35.842,196.243,168.044,70.498,0.0,0.0,0.0
Hydrogen,2600.0,36.111,197.654,169.155,74.096,0.0,0.0,0.0
Hydrogen,2700.0,36.37,199.021,170.236,77.72,0.0,0.0,0.0
Hydrogen,2800.0,36.618,200.349,171.288,81.369,0.0,0.0,0.0
Hydrogen,2900.0,36.856,201.638,172.313,85.043,0.0,0.0,0.0
Hydrogen,3000.0,37.087,202.891,173.311,88.74,0.0,0.0,0.0
Hydrogen,3100.0,37.311,204.111,174.285,92.46,0.0,0.0,0.0
Hydrogen,3200.0,37.528,205.299,175.236,96.202,0.0,0.0,0.0
Hydrogen,3300.0,37.74,206.457,176.164,99.966,0.0,0.0,0.0
Hydrogen,3400.0,37.946,207.587,177.072,103.75,0.0,0.0,0.0
Hydrogen,3500.0,38.149,208.69,177.96,107.555,0.0,0.0,0.0
Hydrogen,3600.0,38.348,209.767,178.828,111.38,0.0,0.0,0.0
Hydrogen,3700.0,38.544,210.821,179.679,115.224,0.0,0.0,0.0
Hydrogen,3800.0,38.738,211.851,180.512,119.089,0.0,0.0,0.0
Hydrogen,3900.0,38.928,212.86,181.328,122.972,0.0,0.0,0.0
Hydrogen,4000.0,39.116,213.848,182.129,126.874,0.0,0.0,0.0
Hydrogen,4100.0,39.301,214.816,182.915,130.795,0.0,0.0,0.0
Hydrogen,4200.0,39.484,215.765,183.686,134.734,0.0,0.0,0.0
Hydrogen,4300.0,39.665,216.696,184.442,138.692,0.0,0.0,0.0
Hydrogen,4400.0,39.842,217.61,185.186,142.667,0.0,0.0,0.0
Hydrogen,4500.0,40.017,218.508,185.916,146.66,0.0,0.0,0.0
Hydrogen,4600.0,40.188,219.389,186.635,150.67,0.0,0.0,0.0
Hydrogen,4700.0,40.355,220.255,187.341,154.698,0.0,0.0,0.0
Hydrogen,4800.0,40.518,221.106,188.035,158.741,0.0,0.0,0.0
Hydrogen,4900.0,40.676,221.943,188.719,162.801,0.0,0.0,0.0
Hydrogen,5000.0,40.829,222.767,189.392,166.876,0.0,0.0,0.0
Hydrogen,5100.0,40.976,223.577,190.054,170.967,0.0,0.0,0.0
Hydrogen,5200.0,41.117,224.374,190.706,175.071,0.0,0.0,0.0
Hydrogen,5300.0,41.252,225.158,191.349,179.19,0.0,0.0,0.0
Hydrogen,5400.0,41.379,225.931,191.982,183.322,0.0,0.0,0.0
Hydrogen,5500.0,41.498,226.691,192.606,187.465,0.0,0.0,0.0
Hydrogen,5600.0,41.609,227.44,193.222,191.621,0.0,0.0,0.0
Hydrogen,5700.0,41.712,228.177,193.829,195.787,0.0,0.0,0.0
Hydrogen,5800.0,41.806,228.903,194.427,199.963,0.0,0.0,0.0
Hydrogen,5900.0,41.89,229.619,195.017,204.148,0.0,0.0,0.0
Hydrogen,6000.0,41.965,230.323,195.6,208.341,0.0,0.0,0.0
Nitrogen,0.0,0.0,0.0,inf,-8.67,0.0,0.0,0.0
Nitrogen,100.0,29.104,159.811,217.49,-5.768,0.0,0.0,0.0
Nitrogen,200.0,29.107,179.985,194.272,-2.857,0.0,0.0,0.0
Nitrogen,250.0,29.111,186.481,192.088,-1.402,0.0,0.0,0.0
Nitrogen,298.15,29.124,191.609,191.609,0.0,0.0,0.0,0.0
Nitrogen,300.0,29.125,191.789,191.61,0.054,0.0,0.0,0.0
Nitrogen,350.0,29.165,196.281,191.964,1.511,0.0,0.0,0.0
Nitrogen,400.0,29.249,200.181,192.753,2.971,0.0,0.0,0.0
Nitrogen,450.0,29.387,203.633,193.774,4.437,0.0,0.0,0.0
Nitrogen,500.0,29.58,206.739,194.917,5.911,0.0,0.0,0.0
Nitrogen,600.0,30.11,212.176,197.353,8.894,0.0,0.0,0.0
Nitrogen,700.0,30.754,216.866,199.813,11.937,0.0,0.0,0.0
Nitrogen,800.0,31.433,221.017,202.209,15.046,0.0,0.0,0.0
Nitrogen,900.0,32.09,224.757,204.51,18.223,0.0,0.0,0.0
Nitrogen,1000.0,32.697,228.17,206.708,21.463,0.0,0.0,0.0
Nitrogen,1100.0,33.241,231.313,208.804,24.76,0.0,0.0,0.0
Nitrogen,1200.0,33.723,234.226,210.802,28.109,0.0,0.0,0.0
Nitrogen,1300.0,34.147,236.943,212.71,31.503,0.0,0.0,0.0
Nitrogen,1400.0,34.518,239.487,214.533,34.936,0.0,0.0,0.0
Nitrogen,1500.0,34.843,241.88,216.277,38.405,0.0,0.0,0.0
Nitrogen,1600.0,35.128,244.138,217.948,41.904,0.0,0.0,0.0
Nitrogen,1700.0,35.378,246.275,219.552,45.429,0.0,0.0,0.0
Nitrogen,1800.0,35.6,248.304,221.094,48.978,0.0,0.0,0.0
Nitrogen,1900.0,35.796,250.234,222.577,52.548,0.0,0.0,0.0
Nitrogen,2000.0,35.971,252.074,224.006,56.137,0.0,0.0,0.0
Nitrogen,2100.0,36.126,253.833,225.385,59.742,0.0,0.0,0.0
Nitrogen,2200.0,36.268,255.517,226.717,63.361,0.0,0.0,0.0
Nitrogen,2300.0,36.395,257.132,228.004,66.995,0.0,0.0,0.0
Nitrogen,2400.0,36.511,258.684,229.25,70.64,0.0,0.0,0.0
Nitrogen,2500.0,36.616,260.176,230.458,74.296,0.0,0.0,0.0
Nitrogen,2600.0,36.713,261.614,231.629,77.963,0.0,0.0,0.0
Nitrogen,2700.0,36.801,263.001,232.765,81.639,0.0,0.0,0.0
Nitrogen,2800.0,36.883,264.341,233.869,85.323,0.0,0.0,0.0
Nitrogen,2900.0,36.959,265.637,234.942,89.015,0.0,0.0,0.0
Nitrogen,3000.0,37.03,266.891,235.986,92.715,0.0,0.0,0.0
Nitrogen,3100.0,37.096,268.106,237.003,96.421,0.0,0.0,0.0
Nitrogen,3200.0,37.158,269.285,237.993,100.134,0.0,0.0,0.0
Nitrogen,3300.0,37.216,270.429,238.959,103.852,0.0,0.0,0.0
Nitrogen,3400.0,37.271,271.541,239.901,107.577,0.0,0.0,0.0
Nitrogen,3500.0,37.323,272.622,240.821,111.306,0.0,0.0,0.0
Nitrogen,3600.0,37.373,273.675,241.719,115.041,0.0,0.0,0.0
Nitrogen,3700.0,37.42,274.699,242.596,118.781,0.0,0.0,0.0
Nitrogen,3800.0,37.465,275.698,243.454,122.525,0.0,0.0,0.0
Nitrogen,3900.0,37.508,276.671,244.294,126.274,0.0,0.0,0.0
Nitrogen,4000.0,37.55,277.622,245.115,130.027,0.0,0.0,0.0
Nitrogen,4100.0,37.59,278.549,245.919,133.784,0.0,0.0,0.0
Nitrogen,4200.0,37.629,279.456,246.707,137.545,0.0,0.0,0.0
Nitrogen,4300.0,37.666,280.341,247.479,141.309,0.0,0.0,0.0
Nitrogen,4400.0,37.702,281.208,248.236,145.078,0.0,0.0,0.0
Nitrogen,4500.0,37.738,282.056,248.978,148.85,0.0,0.0,0.0
Nitrogen,4600.0,37.773,282.885,249.706,152.625,0.0,0.0,0.0
Nitrogen,4700.0,37.808,283.698,250.42,156.405,0.0,0.0,0.0
Nitrogen,4800.0,37.843,284.494,251.122,160.187,0.0,0.0,0.0
Nitrogen,4900.0,37.878,285.275,251.811,163.973,0.0,0.0,0.0
Nitrogen,5000.0,37.912,286.041,252.488,167.763,0.0,0.0,0.0
Nitrogen,5100.0,37.947,286.792,253.153,171.556,0.0,0.0,0.0
Nitrogen,5200.0,37.981,287.529,253.807,175.352,0.0,0.0,0.0
Nitrogen,5300.0,38.013,288.253,254.451,179.152,0.0,0.0,0.0
Nitrogen,5400.0,38.046,288.964,255.083,182.955,0.0,0.0,0.0
Nitrogen,5500.0,38.08,289.662,255.705,186.761,0.0,0.0,0.0
Nitrogen,5600.0,38.116,290.348,256.318,190.571,0.0,0.0,0.0
Nitrogen,5700.0,38.154,291.023,256.921,194.384,0.0,0.0,0.0
Nitrogen,5800.0,38.193,291.687,257.515,198.201,0.0,0.0,0.0
Nitrogen,5900.0,38.234,292.341,258.099,202.023,0.0,0.0,0.0
Nitrogen,6000.0,38.276,292.984,258.675,205.848,0.0,0.0,0.0
Argon,0.0,0.0,0.0,inf,-6.197,0.0,0.0,0.0
Argon,100.0,20.786,132.137,173.325,-4.119,0.0,0.0,0.0
Argon,200.0,20.786,146.545,156.746,-2.04,0.0,0.0,0.0
Argon,250.0,20.786,151.183,155.187,-1.001,0.0,0.0,0.0
Argon,298.15,20.786,154.845,154.845,0.0,0.0,0.0,0.0
Argon,300.0,20.786,154.973,154.845,0.038,0.0,0.0,0.0
Argon,350.0,20.786,158.177,155.098,1.078,0.0,0.0,0.0
Argon,400.0,20.786,160.953,155.66,2.117,0.0,0.0,0.0
Argon,450.0,20.786,163.401,156.387,3.156,0.0,0.0,0.0
Argon,500.0,20.786,165.591,157.2,4.196,0.0,0.0,0.0
Argon,600.0,20.786,169.381,158.924,6.274,0.0,0.0,0.0
Argon,700.0,20.786,172.585,160.653,8.353,0.0,0.0,0.0
Argon,800.0,20.786,175.361,162.321,10.431,0.0,0.0,0.0
Argon,900.0,20.786,177.809,163.909,12.51,0.0,0.0,0.0
Argon,1000.0,20.786,179.999,165.41,14.589,0.0,0.0,0.0
Argon,1100.0,20.786,181.98,166.828,16.667,0.0,0.0,0.0
Argon,1200.0,20.786,183.789,168.167,18.746,0.0,0.0,0.0
Argon,1300.0,20.786,185.453,169.434,20.824,0.0,0.0,0.0
Argon,1400.0,20.786,186.993,170.634,22.903,0.0,0.0,0.0
Argon,1500.0,20.786,188.427,171.773,24.982,0.0,0.0,0.0
Argon,1600.0,20.786,189.769,172.856,27.06,0.0,0.0,0.0
Argon,1700.0,20.786,191.029,173.888,29.139,0.0,0.0,0.0
Argon,1800.0,20.786,192.217,174.874,31.217,0.0,0.0,0.0
Argon,1900.0,20.786,193.341,175.816,33.296,0.0,0.0,0.0
Argon,2000.0,20.786,194.407,176.719,35.375,0.0,0.0,0.0
Argon,2100.0,20.786,195.421,177.586,37.453,0.0,0.0,0.0
Argon,2200.0,20.786,196.388,178.419,39.532,0.0,0.0,0.0
Argon,2300.0,20.786,197.312,179.22,41.61,0.0,0.0,0.0
Argon,2400.0,20.786,198.197,179.993,43.689,0.0,0.0,0.0
Argon,2500.0,20.786,199.045,180.738,45.768,0.0,0.0,0.0
Argon,2600.0,20.786,199.86,181.458,47.846,0.0,0.0,0.0
Argon,2700.0,20.786,200.645,182.154,49.925,0.0,0.0,0.0
Argon,2800.0,20.786,201.401,182.828,52.004,0.0,0.0,0.0
Argon,2900.0,20.786,202.13,183.481,54.082,0.0,0.0,0.0
Argon,3000.0,20.786,202.835,184.115,56.161,0.0,0.0,0.0
Argon,3100.0,20.786,203.516,184.73,58.239,0.0,0.0,0.0
Argon,3200.0,20.786,204.176,185.327,60.318,0.0,0.0,0.0
Argon,3300.0,20.786,204.816,185.908,62.397,0.0,0.0,0.0
Argon,3400.0,20.786,205.436,186.473,64.475,0.0,0.0,0.0
Argon,3500.0,20.786,206.039,187.024,66.554,0.0,0.0,0.0
Argon,3600.0,20.786,206.625,187.56,68.632,0.0,0.0,0.0
Argon,3700.0,20.786,207.194,188.083,70.711,0.0,0.0,0.0
Argon,3800.0,20.786,207.748,188.593,72.79,0.0,0.0,0.0
Argon,3900.0,20.786,208.288,189.091,74.868,0.0,0.0,0.0
Argon,4000.0,20.786,208.815,189.578,76.947,0.0,0.0,0.0
Argon,4100.0,20.786,209.328,190.053,79.025,0.0,0.0,0.0
Argon,4200.0,20.786,209.829,190.518,81.104,0.0,0.0,0.0
Argon,4300.0,20.786,210.318,190.973,83.183,0.0,0.0,0.0
Argon,4400.0,20.786,210.796,191.418,85.261,0.0,0.0,0.0
Argon,4500.0,20.786,211.263,191.854,87.34,0.0,0.0,0.0
Argon,4600.0,20.786,211.72,192.281,89.418,0.0,0.0,0.0
Argon,4700.0,20.786,212.167,192.699,91.497,0.0,0.0,0.0
Argon,4800.0,20.786,212.604,193.109,93.576,0.0,0.0,0.0
Argon,4900.0,20.786,213.033,193.512,95.654,0.0,0.0,0.0
Argon,5000.0,20.786,213.453,193.906,97.733,0.0,0.0,0.0
Argon,5100.0,20.786,213.864,194.294,99.811,0.0,0.0,0.0
Argon,5200.0,20.786,214.268,194.674,101.89,0.0,0.0,0.0
Argon,5300.0,20.786,214.664,195.047,103.969,0.0,0.0,0.0
Argon,5400.0,20.786,215.053,195.414,106.047,0.0,0.0,0.0
Argon,5500.0,20.786,215.434,195.775,108.126,0.0,0.0,0.0
Argon,5600.0,20.786,215.808,196.129,110.204,0.0,0.0,0.0
Argon,5700.0,20.786,216.176,196.478,112.283,0.0,0.0,0.0
Argon,5800.0,20.786,216.538,196.82,114.362,0.0,0.0,0.0
Argon,5900.0,20.786,216.893,197.158,116.44,0.0,0.0,0.0
Argon,6000.0,20.786,217.243,197.489,118.519,0.0,0.0,0.0
Oxygen_Monatomic,0.0,0.0,0.0,inf,-6.725,246.79,246.79,inf
Oxygen_Monatomic,100.0,23.703,135.947,181.131,-4.518,247.544,242.615,-126.729
Oxygen_Monatomic,200.0,22.734,152.153,163.085,-2.186,248.421,237.339,-61.986
Oxygen_Monatomic,250.0,22.246,157.17,161.421,-1.063,248.816,234.522,-49.001
Oxygen_Monatomic,298.15,21.911,161.058,161.058,0.0,249.173,231.736,-40.599
Oxygen_Monatomic,300.0,21.901,161.194,161.059,0.041,249.187,231.628,-40.33
Oxygen_Monatomic,350.0,21.657,164.551,161.324,1.129,249.537,228.673,-34.128
Oxygen_Monatomic,400.0,21.482,167.43,161.912,2.207,249.868,225.67,-29.469
Oxygen_Monatomic,450.0,21.354,169.953,162.668,3.278,250.18,222.626,-25.842
Oxygen_Monatomic,500.0,21.257,172.197,163.511,4.343,250.474,219.549,-22.936
Oxygen_Monatomic,600.0,21.124,176.06,165.291,6.462,251.013,213.312,-18.57
Oxygen_Monatomic,700.0,21.04,179.31,167.067,8.57,251.494,206.99,-15.446
Oxygen_Monatomic,800.0,20.984,182.116,168.777,10.671,251.926,200.602,-13.098
Oxygen_Monatomic,900.0,20.944,184.585,170.399,12.767,252.32,194.163,-11.269
Oxygen_Monatomic,1000.0,20.915,186.79,171.93,14.86,252.682,187.681,-9.803
Oxygen_Monatomic,1100.0,20.893,188.782,173.373,16.95,253.018,181.165,-8.603
Oxygen_Monatomic,1200.0,20.877,190.599,174.734,19.039,253.332,174.619,-7.601
Oxygen_Monatomic,1300.0,20.864,192.27,176.019,21.126,253.627,168.047,-6.752
Oxygen_Monatomic,1400.0,20.853,193.816,177.236,23.212,253.906,161.453,-6.024
Oxygen_Monatomic,1500.0,20.845,195.254,178.39,25.296,254.171,154.84,-5.392
Oxygen_Monatomic,1600.0,20.838,196.599,179.486,27.381,254.421,148.21,-4.839
Oxygen_Monatomic,1700.0,20.833,197.862,180.53,29.464,254.659,141.564,-4.35
Oxygen_Monatomic,1800.0,20.83,199.053,181.527,31.547,254.884,134.905,-3.915
Oxygen_Monatomic,1900.0,20.827,200.179,182.479,33.63,255.097,128.234,-3.525
Oxygen_Monatomic,2000.0,20.826,201.247,183.391,35.713,255.299,121.552,-3.175
Oxygen_Monatomic,2100.0,20.827,202.263,184.266,37.796,255.488,114.86,-2.857
Oxygen_Monatomic,2200.0,20.83,203.232,185.106,39.878,255.667,108.159,-2.568
Oxygen_Monatomic,2300.0,20.835,204.158,185.914,41.962,255.835,101.45,-2.304
Oxygen_Monatomic,2400.0,20.841,205.045,186.693,44.045,255.992,94.734,-2.062
Oxygen_Monatomic,2500.0,20.851,205.896,187.444,46.13,256.139,88.012,-1.839
Oxygen_Monatomic,2600.0,20.862,206.714,188.17,48.216,256.277,81.284,-1.633
Oxygen_Monatomic,2700.0,20.877,207.502,188.871,50.303,256.405,74.551,-1.442
Oxygen_Monatomic,2800.0,20.894,208.261,189.55,52.391,256.525,67.814,-1.265
Oxygen_Monatomic,2900.0,20.914,208.995,190.208,54.481,256.637,61.072,-1.1
Oxygen_Monatomic,3000.0,20.937,209.704,190.846,56.574,256.741,54.327,-0.946
Oxygen_Monatomic,3100.0,20.963,210.391,191.466,58.669,256.838,47.578,-0.802
Oxygen_Monatomic,3200.0,20.991,211.057,192.068,60.767,256.929,40.826,-0.666
Oxygen_Monatomic,3300.0,21.022,211.704,192.653,62.867,257.014,34.071,-0.539
Oxygen_Monatomic,3400.0,21.056,212.332,193.223,64.971,257.094,27.315,-0.42
Oxygen_Monatomic,3500.0,21.092,212.943,193.777,67.079,257.169,20.555,-0.307
Oxygen_Monatomic,3600.0,21.13,213.537,194.318,69.19,257.241,13.794,-0.2
Oxygen_Monatomic,3700.0,21.17,214.117,194.845,71.305,257.309,7.03,-0.099
Oxygen_Monatomic,3800.0,21.213,214.682,195.36,73.424,257.373,0.265,-0.004
Oxygen_Monatomic,3900.0,21.257,215.234,195.862,75.547,257.436,-6.501,0.087
Oxygen_Monatomic,4000.0,21.302,215.772,196.353,77.675,257.496,-13.27,0.173
Oxygen_Monatomic,4100.0,21.349,216.299,196.834,79.808,257.554,-20.01,0.255
Oxygen_Monatomic,4200.0,21.397,216.814,197.303,81.945,257.611,-26.811,0.333
Oxygen_Monatomic,4300.0,21.445,217.318,197.763,84.087,257.666,-33.583,0.408
Oxygen_Monatomic,4400.0,21.495,217.812,198.213,86.234,257.72,-40.358,0.479
Oxygen_Monatomic,4500.0,21.545,218.295,198.654,88.386,257.773,-47.133,0.547
Oxygen_Monatomic,4600.0,21.596,218.769,199.086,90.543,257.825,-53.909,0.612
Oxygen_Monatomic,4700.0,21.647,219.234,199.51,92.705,257.876,-60.687,0.674
Oxygen_Monatomic,4800.0,21.697,219.69,199.925,94.872,257.926,-67.465,0.734
Oxygen_Monatomic,4900.0,21.748,220.138,200.333,97.045,257.974,-74.244,0.791
Oxygen_Monatomic,5000.0,21.799,220.578,200.734,99.222,258.021,-81.025,0.846
Oxygen_Monatomic,5100.0,21.849,221.01,201.127,101.405,258.066,-87.806,0.899
Oxygen_Monatomic,5200.0,21.899,221.435,201.514,103.592,258.11,-94.589,0.95
Oxygen_Monatomic,5300.0,21.949,221.853,201.893,105.784,258.15,-101.371,0.999
Oxygen_Monatomic,5400.0,21.997,222.264,202.267,107.982,258.189,-108.155,1.046
Oxygen_Monatomic,5500.0,22.045,222.668,202.634,110.184,258.224,-114.94,1.092
Oxygen_Monatomic,5600.0,22.093,223.065,202.995,112.391,258.255,-121.725,1.135
Oxygen_Monatomic,5700.0,22.139,223.457,203.351,114.602,258.282,-128.51,1.178
Oxygen_Monatomic,5800.0,22.184,223.842,203.701,116.818,258.304,-135.296,1.218
Oxygen_Monatomic,5900.0,22.229,224.222,204.046,119.039,258.321,-142.083,1.258
Oxygen_Monatomic,6000.0,22.273,224.596,204.385,121.264,258.332,-148.869,1.296
Carbon,0.0,0.0,0.0,inf,-1.051,0.0,0.0,0.0
Carbon,100.0,1.674,0.952,10.867,-0.991,0.0,0.0,0.0
Carbon,200.0,5.006,3.082,6.407,-0.665,0.0,0.0,0.0
Carbon,250.0,6.816,4.394,5.871,-0.369,0.0,0.0,0.0
Carbon,298.15,8.517,5.74,5.74,0.0,0.0,0.0,0.0
Carbon,300.0,8.581,5.793,5.741,0.016,0.0,0.0,0.0
Carbon,350.0,10.241,7.242,5.851,0.487,0.0,0.0,0.0
Carbon,400.0,11.817,8.713,6.117,1.039,0.0,0.0,0.0
Carbon,450.0,13.289,10.191,6.487,1.667,0.0,0.0,0.0
Carbon,500.0,14.623,11.662,6.932,2.365,0.0,0.0,0.0
Carbon,600.0,16.844,14.533,7.961,3.943,0.0,0.0,0.0
Carbon,700.0,18.537,17.263,9.097,5.716,0.0,0.0,0.0
Carbon,800.0,19.827,19.826,10.279,7.637,0.0,0.0,0.0
Carbon,900.0,20.824,22.221,11.475,9.672,0.0,0.0,0.0
Carbon,1000.0,21.61,24.457,12.662,11.795,0.0,0.0,0.0
Carbon,1100.0,22.244,26.548,13.831,13.989,0.0,0.0,0.0
Carbon,1200.0,22.766,28.506,14.973,16.24,0.0,0.0,0.0
Carbon,1300.0,23.204,30.346,16.085,18.539,0.0,0.0,0.0
Carbon,1400.0,23.578,32.08,17.167,20.879,0.0,0.0,0.0
Carbon,1500.0,23.904,33.718,18.216,23.253,0.0,0.0,0.0
Carbon,1600.0,24.191,35.27,19.234,25.658,0.0,0.0,0.0
Carbon,1700.0,24.448,36.744,20.221,28.09,0.0,0.0,0.0
Carbon,1800.0,24.681,38.149,21.178,30.547,0.0,0.0,0.0
Carbon,1900.0,24.895,39.489,22.107,33.026,0.0,0.0,0.0
Carbon,2000.0,25.094,40.771,23.008,35.525,0.0,0.0,0.0
Carbon,2100.0,25.278,42.0,23.883,38.044,0.0,0.0,0.0
Carbon,2200.0,25.453,43.18,24.734,40.581,0.0,0.0,0.0
Carbon,2300.0,25.618,44.315,25.561,43.134,0.0,0.0,0.0
Carbon,2400.0,25.775,45.408,26.365,45.704,0.0,0.0,0.0
Carbon,2500.0,25.926,46.464,27.148,48.289,0.0,0.0,0.0
Carbon,2600.0,26.071,47.483,27.911,50.889,0.0,0.0,0.0
Carbon,2700.0,26.212,48.47,28.654,53.503,0.0,0.0,0.0
Carbon,2800.0,26.348,49.426,29.379,56.131,0.0,0.0,0.0
Carbon,2900.0,26.481,50.353,30.086,58.773,0.0,0.0,0.0
Carbon,3000.0,26.611,51.253,30.777,61.427,0.0,0.0,0.0
Carbon,3100.0,26.738,52.127,31.451,64.095,0.0,0.0,0.0
Carbon,3200.0,26.863,52.978,32.111,66.775,0.0,0.0,0.0
Carbon,3300.0,26.986,53.807,32.756,69.467,0.0,0.0,0.0
Carbon,3400.0,27.106,54.614,33.387,72.172,0.0,0.0,0.0
Carbon,3500.0,27.225,55.401,34.005,74.889,0.0,0.0,0.0
Carbon,3600.0,27.342,56.17,34.61,77.617,0.0,0.0,0.0
Carbon,3700.0,27.459,56.921,35.203,80.357,0.0,0.0,0.0
Carbon,3800.0,27.574,57.655,35.784,83.109,0.0,0.0,0.0
Carbon,3900.0,27.688,58.372,36.354,85.872,0.0,0.0,0.0
Carbon,4000.0,27.801,59.075,38.913,88.646,0.0,0.0,0.0
Carbon,4100.0,27.913,59.763,37.462,91.432,0.0,0.0,0.0
Carbon,4200.0,28.024,60.437,38.001,94.229,0.0,0.0,0.0
Carbon,4300.0,28.134,61.097,38.531,97.037,0.0,0.0,0.0
Carbon,4400.0,28.245,61.745,39.051,99.856,0.0,0.0,0.0
Carbon,4500.0,28.354,62.381,39.562,102.685,0.0,0.0,0.0
Carbon,4600.0,28.462,63.006,40.065,105.526,0.0,0.0,0.0
Carbon,4700.0,28.57,63.619,40.56,108.378,0.0,0.0,0.0
Carbon,4800.0,28.678,64.222,41.047,111.24,0.0,0.0,0.0
Carbon,4900.0,28.785,64.814,41.526,114.114,0.0,0.0,0.0
Carbon,5000.0,28.893,65.397,41.997,116.997,0.0,0.0,0.0
Carbon,5100.0,28.999,65.97,42.462,119.892,0.0,0.0,0.0
Carbon,5200.0,29.106,66.534,42.919,122.797,0.0,0.0,0.0
Carbon,5300.0,29.211,67.089,43.37,125.713,0.0,0.0,0.0
Carbon,5400.0,29.317,67.636,43.814,128.64,0.0,0.0,0.0
Carbon,5500.0,29.422,68.175,44.252,131.577,0.0,0.0,0.0
Carbon,5600.0,29.528,68.706,44.684,134.524,0.0,0.0,0.0
Carbon,5700.0,29.632,69.23,45.11,137.482,0.0,0.0,0.0
Carbon,5800.0,29.737,69.746,45.531,140.451,0.0,0.0,0.0
Carbon,5900.0,29.842,70.255,45.945,143.429,0.0,0.0,0.0
Carbon,6000.0,29.946,70.758,46.355,146.419,0.0,0.0,0.0
Carbon_Monoxide,0.0,0.0,0.0,inf,-8.671,-113.805,-113.805,inf
Carbon_Monoxide,100.0,29.104,165.85,223.539,-5.769,-112.415,-120.239,62.807
Carbon_Monoxide,200.0,29.108,186.025,200.317,-2.858,-111.286,-128.526,33.568
Carbon_Monoxide,298.15,29.142,197.653,197.653,0.0,-110.527,-137.163,24.03
Carbon_Monoxide,300.0,29.142,197.833,197.653,0.054,-110.516,-137.328,23.911
Carbon_Monoxide,400.0,29.342,206.238,198.798,2.976,-110.102,-146.338,19.11
Carbon_Monoxide,500.0,29.794,212.831,200.968,5.931,-110.003,-155.414,16.236
Carbon_Monoxide,600.0,30.443,218.319,203.415,8.942,-110.15,-164.486,14.32
Carbon_Monoxide,700.0,31.171,223.066,205.89,12.023,-110.469,-173.518,12.948
Carbon_Monoxide,800.0,31.899,227.277,208.305,15.177,-110.905,-182.497,11.916
Carbon_Monoxide,900.0,32.577,231.074,210.628,18.401,-111.418,-191.416,11.109
Carbon_Monoxide,1000.0,33.183,234.538,212.848,21.69,-111.983,-200.275,10.461
Carbon_Monoxide,1100.0,33.71,237.726,214.967,25.035,-112.586,-209.075,9.928
Carbon_Monoxide,1200.0,34.175,240.679,216.988,28.43,-113.217,-217.819,9.481
Carbon_Monoxide,1300.0,34.572,243.431,218.917,31.868,-113.87,-226.509,9.101
Carbon_Monoxide,1400.0,34.92,246.006,220.761,35.343,-114.541,-235.149,8.774
Carbon_Monoxide,1500.0,35.217,248.426,222.526,38.85,-115.229,-243.74,8.488
Carbon_Monoxide,1600.0,35.48,250.707,224.216,42.385,-115.933,-252.284,8.236
Carbon_Monoxide,1700.0,35.71,252.865,225.839,45.945,-116.651,-260.784,8.013
Carbon_Monoxide,1800.0,35.911,254.912,227.398,49.526,-117.384,-269.242,7.813
Carbon_Monoxide,1900.0,36.091,256.859,228.897,53.126,-118.133,-277.658,7.633
Carbon_Monoxide,2000.0,36.25,258.714,230.342,56.744,-118.896,-286.034,7.47
Carbon_Monoxide,2100.0,36.392,260.486,231.736,60.376,-119.675,-294.372,7.322
Carbon_Monoxide,2200.0,36.518,262.182,233.081,64.021,-120.47,-302.672,7.186
Carbon_Monoxide,2300.0,36.635,263.809,234.382,67.683,-121.278,-310.936,7.062
Carbon_Monoxide,2400.0,36.321,265.359,235.641,71.324,-122.133,-319.164,6.946
Carbon_Monoxide,2500.0,36.836,266.854,236.86,74.985,-122.994,-327.356,6.84
Carbon_Monoxide,2600.0,36.924,268.3,238.041,78.673,-123.854,-335.514,6.741
Carbon_Monoxide,2700.0,37.003,269.695,239.188,82.369,-124.731,-343.638,6.648
Carbon_Monoxide,2800.0,37.083,271.042,240.302,86.074,-125.623,-351.729,6.562
Carbon_Monoxide,2900.0,37.15,272.345,241.384,89.786,-126.532,-359.789,6.48
Carbon_Monoxide,3000.0,37.217,273.605,242.437,93.504,-127.457,-367.816,6.404
Carbon_Monoxide,3100.0,37.279,274.827,243.463,97.229,-128.397,-375.812,6.332
Carbon_Monoxide,3200.0,37.338,276.011,244.461,100.96,-129.353,-383.778,6.265
Carbon_Monoxide,3300.0,37.392,277.161,245.435,104.696,-130.325,-391.714,6.2
Carbon_Monoxide,3400.0,37.443,278.278,246.385,108.438,-131.312,-399.62,6.139
Carbon_Monoxide,3500.0,37.493,279.364,247.311,112.185,-132.313,-407.497,6.082
Carbon_Monoxide,3600.0,37.543,280.421,248.216,115.937,-133.329,-415.345,6.027
Carbon_Monoxide,3700.0,37.589,281.45,249.101,119.693,-134.36,-423.165,5.974
Carbon_Monoxide,3800.0,37.631,282.453,249.965,123.454,-135.405,-430.956,5.924
Carbon_Monoxide,3900.0,37.673,283.431,250.811,127.219,-136.464,-438.72,5.876
Carbon_Monoxide,4000.0,37.715,284.386,251.638,130.989,-137.537,-446.457,5.83
Carbon_Monoxide,4100.0,37.756,285.317,252.449,134.762,-138.623,-454.166,5.786
Carbon_Monoxide,4200.0,37.794,286.228,253.242,138.54,-139.723,-461.849,5.744
Carbon_Monoxide,4300.0,37.832,287.117,254.02,142.321,-140.836,-469.506,5.703
Carbon_Monoxide,4400.0,37.869,287.988,254.782,146.106,-141.963,-477.136,5.664
Carbon_Monoxide,4500.0,37.903,288.839,255.529,149.895,-143.103,-484.741,5.627
Carbon_Monoxide,4600.0,37.941,289.673,256.262,153.687,-144.257,-492.321,5.59
Carbon_Monoxide,4700.0,37.974,290.489,256.982,157.483,-145.424,-499.875,5.555
Carbon_Monoxide,4800.0,38.007,291.289,257.688,161.282,-146.605,-507.404,5.522
Carbon_Monoxide,4900.0,38.041,292.073,258.382,165.084,-147.8,-514.908,5.489
Carbon_Monoxide,5000.0,38.074,292.842,259.064,168.89,-149.009,-522.387,5.457
Carbon_Monoxide,5100.0,38.104,293.596,259.733,172.699,-150.231,-529.843,5.427
Carbon_Monoxide,5200.0,38.137,294.336,260.392,176.511,-151.469,-537.275,5.397
Carbon_Monoxide,5300.0,38.171,295.063,261.039,180.326,-152.721,-544.681,5.368
Carbon_Monoxide,5400.0,38.2,295.777,261.676,184.146,-153.987,-552.065,5.34
Carbon_Monoxide,5500.0,38.074,296.476,262.302,187.957,-155.279,-559.426,5.313
Carbon_Monoxide,5600.0,38.263,297.164,262.919,191.775,-156.585,-566.762,5.287
Carbon_Monoxide,5700.0,38.296,297.842,263.525,195.603,-157.899,-574.075,5.261
Carbon_Monoxide,5800.0,38.325,298.508,264.123,199.434,-159.23,-581.364,5.236
Carbon_Monoxide,5900.0,38.355,299.163,264.711,203.268,-160.579,-588.631,5.211
Carbon_Monoxide,6000.0,38.388,299.808,265.291,207.106,-161.945,-595.875,5.188
Hydrogen_Monatomic,0.0,0.0,0.0,inf,-6.197,216.035,216.035,inf
Hydrogen_Monatomic,100.0,20.786,92.009,133.197,-4.119,216.614,212.45,-110.972
Hydrogen_Monatomic,200.0,20.786,106.417,116.618,-2.04,217.346,208.004,-54.325
Hydrogen_Monatomic,250.0,20.786,111.055,115.059,-1.001,217.687,205.629,-42.964
Hydrogen_Monatomic,298.15,20.786,114.716,114.716,0.0,217.999,203.278,-35.613
Hydrogen_Monatomic,300.0,20.786,114.845,114.717,0.038,218.011,203.186,-35.378
Hydrogen_Monatomic,350.0,20.786,118.049,114.97,1.078,218.326,200.69,-29.951
Hydrogen_Monatomic,400.0,20.786,120.825,115.532,2.117,218.637,198.15,-25.876
Hydrogen_Monatomic,450.0,20.786,123.273,116.259,3.156,218.946,195.57,-22.701
Hydrogen_Monatomic,500.0,20.786,125.463,117.072,4.196,219.254,192.957,-20.158
Hydrogen_Monatomic,600.0,20.786,129.253,118.796,6.274,219.868,187.64,-16.335
Hydrogen_Monatomic,700.0,20.786,132.457,120.524,8.353,220.478,182.22,-13.597
Hydrogen_Monatomic,800.0,20.788,135.232,122.193,10.431,221.08,176.713,-11.538
Hydrogen_Monatomic,900.0,20.786,137.681,123.781,12.51,221.671,171.132,-9.932
Hydrogen_Monatomic,1000.0,20.786,139.871,125.282,14.589,222.248,165.485,-8.644
Hydrogen_Monatomic,1100.0,20.786,141.852,126.7,16.667,222.807,159.782,-7.587
Hydrogen_Monatomic,1200.0,20.786,143.66,128.039,18.746,223.346,154.028,-6.705
Hydrogen_Monatomic,1300.0,20.786,145.324,129.305,20.824,223.865,148.23,-5.956
Hydrogen_Monatomic,1400.0,20.786,146.865,130.505,22.903,224.361,142.394,-5.313
Hydrogen_Monatomic,1500.0,20.786,148.299,131.644,24.982,224.836,136.522,-4.754
Hydrogen_Monatomic,1600.0,20.786,149.64,132.728,27.06,225.289,130.62,-4.264
Hydrogen_Monatomic,1700.0,20.786,150.9,133.76,29.139,225.721,124.689,-3.831
Hydrogen_Monatomic,1800.0,20.786,152.088,134.745,31.217,226.132,118.734,-3.446
Hydrogen_Monatomic,1900.0,20.786,153.212,135.688,33.296,226.525,112.757,-3.1
Hydrogen_Monatomic,2000.0,20.786,154.278,136.591,35.375,226.898,106.76,-2.788
Hydrogen_Monatomic,2100.0,20.786,155.293,137.458,37.453,227.254,100.744,-2.506
Hydrogen_Monatomic,2200.0,20.786,156.26,138.291,39.532,227.593,94.712,-2.249
Hydrogen_Monatomic,2300.0,20.786,157.184,139.092,41.61,227.916,88.664,-2.014
Hydrogen_Monatomic,2400.0,20.786,158.068,139.864,43.689,228.224,82.603,-1.798
Hydrogen_Monatomic,2500.0,20.786,158.917,140.61,45.768,228.518,76.53,-1.599
Hydrogen_Monatomic,2600.0,20.786,159.732,141.33,47.846,228.798,70.444,-1.415
Hydrogen_Monatomic,2700.0,20.786,160.516,142.026,49.925,229.064,64.349,-1.245
Hydrogen_Monatomic,2800.0,20.786,161.272,142.7,52.004,229.318,58.243,-1.087
Hydrogen_Monatomic,2900.0,20.786,162.002,143.353,54.082,229.56,52.129,-0.939
Hydrogen_Monatomic,3000.0,20.786,162.706,143.986,56.161,229.79,46.007,-0.801
Hydrogen_Monatomic,3100.0,20.786,163.388,144.601,58.239,230.008,39.877,-0.672
Hydrogen_Monatomic,3200.0,20.786,164.048,145.199,60.318,230.216,33.741,-0.551
Hydrogen_Monatomic,3300.0,20.786,164.688,145.78,62.397,230.413,27.598,-0.437
Hydrogen_Monatomic,3400.0,20.786,165.308,146.345,64.475,230.599,21.449,-0.33
Hydrogen_Monatomic,3500.0,20.786,165.911,146.895,66.554,230.776,15.295,-0.228
Hydrogen_Monatomic,3600.0,20.786,166.496,147.432,68.632,230.942,9.136,-0.133
Hydrogen_Monatomic,3700.0,20.786,167.066,147.955,70.711,231.098,2.973,-0.042
Hydrogen_Monatomic,3800.0,20.786,167.62,148.465,72.79,231.244,-3.195,0.044
Hydrogen_Monatomic,3900.0,20.786,168.16,148.963,74.868,231.381,-9.366,0.125
Hydrogen_Monatomic,4000.0,20.786,168.686,149.45,76.947,231.509,-15.541,0.203
Hydrogen_Monatomic,4100.0,20.786,169.2,149.925,79.025,231.627,-21.718,0.277
Hydrogen_Monatomic,4200.0,20.786,169.7,150.39,81.104,231.736,-27.899,0.347
Hydrogen_Monatomic,4300.0,20.786,170.19,150.845,83.183,231.836,-34.082,0.414
Hydrogen_Monatomic,4400.0,20.786,170.667,151.29,85.261,231.927,-40.267,0.478
Hydrogen_Monatomic,4500.0,20.786,171.135,151.726,87.34,232.009,-46.454,0.539
Hydrogen_Monatomic,4600.0,20.786,171.591,152.153,89.418,232.082,-52.643,0.598
Hydrogen_Monatomic,4700.0,20.786,172.038,152.571,91.497,232.147,-58.834,0.654
Hydrogen_Monatomic,4800.0,20.786,172.476,152.981,93.576,232.204,-65.025,0.708
Hydrogen_Monatomic,4900.0,20.786,172.905,153.383,95.654,232.253,-71.218,0.759
Hydrogen_Monatomic,5000.0,20.786,173.325,153.778,97.733,232.294,-77.412,0.809
Hydrogen_Monatomic,5100.0,20.786,173.736,154.165,99.811,232.327,-83.606,0.856
Hydrogen_Monatomic,5200.0,20.786,174.14,154.546,101.89,232.353,-89.801,0.902
Hydrogen_Monatomic,5300.0,20.786,174.536,154.919,103.969,232.373,-95.997,0.946
Hydrogen_Monatomic,5400.0,20.786,174.924,155.286,106.047,232.386,-102.192,0.989
Hydrogen_Monatomic,5500.0,20.786,175.306,155.646,108.126,232.392,-108.389,1.029
Hydrogen_Monatomic,5600.0,20.786,175.68,156.001,110.204,232.393,-114.584,1.069
Hydrogen_Monatomic,5700.0,20.786,176.048,156.349,112.283,232.389,-120.78,1.107
Hydrogen_Monatomic,5800.0,20.786,176.41,156.692,114.362,232.379,-126.976,1.144
Hydrogen_Monatomic,5900.0,20.786,176.765,157.029,116.44,232.365,-133.172,1.179
Hydrogen_Monatomic,6000.0,20.786,177.114,157.361,118.519,232.348,-139.368,1.213
Hydroxyl,0.0,0.0,0.0,inf,-9.172,38.39,38.39,inf
Hydroxyl,100.0,32.627,149.59,210.98,-6.139,38.471,37.214,-19.438
Hydroxyl,200.0,30.777,171.592,186.471,-2.976,38.832,35.803,-9.351
Hydroxyl,250.0,30.283,178.402,184.204,-1.45,38.93,35.033,-7.32
Hydroxyl,298.15,29.986,183.708,183.708,0.0,38.988,34.277,-6.005
Hydroxyl,300.0,29.977,183.894,183.709,0.055,38.988,34.248,-5.963
Hydroxyl,350.0,29.78,188.499,184.073,1.549,39.019,33.455,-4.993
Hydroxyl,400.0,29.65,192.466,184.88,3.035,39.029,32.66,-4.265
Hydroxyl,450.0,29.567,195.954,185.921,4.515,39.02,31.864,-3.699
Hydroxyl,500.0,29.521,199.066,187.082,5.992,38.995,31.07,-3.246
Hydroxyl,600.0,29.527,204.447,189.542,8.943,38.902,29.493,-2.568
Hydroxyl,700.0,29.663,209.007,192.005,11.902,38.764,27.935,-2.085
Hydroxyl,800.0,29.917,212.983,194.384,14.88,38.598,26.399,-1.724
Hydroxyl,900.0,30.264,216.526,196.651,17.888,38.416,24.884,-1.444
Hydroxyl,1000.0,30.676,219.736,198.801,20.935,38.23,23.391,-1.222
Hydroxyl,1100.0,31.124,222.68,200.84,24.024,38.046,21.916,-1.041
Hydroxyl,1200.0,31.586,225.408,202.775,27.16,37.867,20.458,-0.891
Hydroxyl,1300.0,32.046,227.955,204.615,30.342,37.697,19.014,-0.764
Hydroxyl,1400.0,32.492,230.346,206.368,33.569,37.535,17.583,-0.656
Hydroxyl,1500.0,32.917,232.602,208.043,36.839,37.381,16.163,-0.563
Hydroxyl,1600.0,33.319,234.74,209.645,40.151,37.234,14.753,-0.482
Hydroxyl,1700.0,33.694,236.771,211.182,43.502,37.093,13.352,-0.41
Hydroxyl,1800.0,34.044,238.707,212.657,46.889,36.955,11.96,-0.347
Hydroxyl,1900.0,34.369,240.557,214.078,50.31,36.819,10.575,-0.291
Hydroxyl,2000.0,34.67,242.327,215.446,53.762,36.685,9.197,-0.24
Hydroxyl,2100.0,34.95,244.026,216.767,57.243,36.551,7.826,-0.195
Hydroxyl,2200.0,35.209,245.658,218.043,60.752,36.416,6.462,-0.153
Hydroxyl,2300.0,35.449,247.228,219.278,64.285,36.278,5.103,-0.116
Hydroxyl,2400.0,35.673,248.741,220.474,67.841,36.137,3.75,-0.082
Hydroxyl,2500.0,35.881,250.202,221.635,71.419,35.992,2.404,-0.05
Hydroxyl,2600.0,36.075,251.613,222.761,75.017,35.843,1.063,-0.021
Hydroxyl,2700.0,36.256,252.978,223.855,78.633,35.689,-0.271,0.005
Hydroxyl,2800.0,36.426,254.3,224.918,82.267,35.53,-1.6,0.03
Hydroxyl,2900.0,36.586,255.581,225.954,85.918,35.365,-2.924,0.053
Hydroxyl,3000.0,36.736,256.824,226.962,89.584,35.194,-4.241,0.074
Hydroxyl,3100.0,36.878,258.031,227.945,93.265,35.017,-5.552,0.094
Hydroxyl,3200.0,37.013,259.203,228.904,96.96,34.834,-6.858,0.112
Hydroxyl,3300.0,37.14,260.344,229.839,100.667,34.644,-8.158,0.129
Hydroxyl,3400.0,37.261,261.455,230.753,104.387,34.448,-9.452,0.145
Hydroxyl,3500.0,37.376,262.537,231.645,108.119,34.246,-10.741,0.16
Hydroxyl,3600.0,37.486,263.591,232.518,111.863,34.037,-12.023,0.174
Hydroxyl,3700.0,37.592,264.62,233.372,115.617,33.821,-13.3,0.188
Hydroxyl,3800.0,37.693,265.624,234.208,119.381,33.599,-14.57,0.2
Hydroxyl,3900.0,37.791,266.604,235.026,123.155,33.371,-15.834,0.212
Hydroxyl,4000.0,37.885,267.562,235.827,126.939,33.136,-17.093,0.223
Hydroxyl,4100.0,37.976,268.499,236.613,130.732,32.894,-18.346,0.234
Hydroxyl,4200.0,38.064,269.415,237.383,134.534,32.646,-19.593,0.244
Hydroxyl,4300.0,38.15,270.311,238.138,138.345,32.391,-20.833,0.253
Hydroxyl,4400.0,38.233,271.189,238.879,142.164,32.13,-22.068,0.262
Hydroxyl,4500.0,38.315,272.05,239.607,145.991,31.862,-23.297,0.27
Hydroxyl,4600.0,38.394,272.893,240.322,149.827,31.587,-24.52,0.278
Hydroxyl,4700.0,38.472,273.719,241.023,153.67,31.305,-25.737,0.286
Hydroxyl,4800.0,38.549,274.53,241.713,157.521,31.017,-26.947,0.293
Hydroxyl,4900.0,38.625,275.326,242.391,161.38,30.722,-28.152,0.3
Hydroxyl,5000.0,38.699,276.107,243.057,165.246,30.42,-29.35,0.307
Hydroxyl,5100.0,38.773,276.874,243.713,169.12,30.111,-30.542,0.313
Hydroxyl,5200.0,38.846,277.627,244.358,173.001,29.796,-31.729,0.319
Hydroxyl,5300.0,38.919,278.368,244.993,176.889,29.473,-32.909,0.324
Hydroxyl,5400.0,38.991,279.096,245.617,180.784,29.144,-34.083,0.33
Hydroxyl,5500.0,39.062,279.812,246.233,184.687,28.807,-35.251,0.335
Hydroxyl,5600.0,39.134,280.517,246.839,188.597,28.464,-36.412,0.34
Hydroxyl,5700.0,39.206,281.21,247.436,192.514,28.113,-37.568,0.344
Hydroxyl,5800.0,39.278,281.892,248.024,196.438,27.756,-38.716,0.349
Hydroxyl,5900.0,39.35,282.564,248.604,200.369,27.391,-39.86,0.353
Hydroxyl,6000.0,39.423,283.226,249.175,204.308,27.019,-40.997,0.357
Nitrogen_Oxide,0.0,0.0,0.0,inf,-9.192,89.775,89.775,inf
Nitrogen_Oxide,100.0,32.302,177.031,237.757,-6.073,89.991,88.944,-46.46
Nitrogen_Oxide,200.0,30.42,198.747,213.501,-2.951,90.202,87.8,-22.931
Nitrogen_Oxide,250.0,30.025,205.488,211.251,-1.441,90.256,87.193,-18.218
Nitrogen_Oxide,298.15,29.845,210.758,210.758,0.0,90.291,86.6,-15.172
Nitrogen_Oxide,300.0,29.841,210.943,210.759,0.055,90.292,86.577,-15.074
Nitrogen_Oxide,350.0,29.823,215.54,211.122,1.546,90.316,85.955,-12.828
Nitrogen_Oxide,400.0,29.944,219.529,211.929,3.04,90.332,85.331,-11.143
Nitrogen_Oxide,450.0,30.175,223.068,212.974,4.542,90.343,84.705,-9.832
Nitrogen_Oxide,500.0,30.486,226.263,214.145,6.059,90.352,84.079,-8.784
Nitrogen_Oxide,600.0,31.238,231.886,216.646,9.144,90.366,82.822,-7.21
Nitrogen_Oxide,700.0,32.028,236.761,219.179,12.307,90.381,81.564,-6.086
Nitrogen_Oxide,800.0,32.767,241.087,221.652,15.548,90.398,80.303,-5.243
Nitrogen_Oxide,900.0,33.422,244.985,224.031,18.858,90.417,79.041,-4.587
Nitrogen_Oxide,1000.0,33.987,248.536,226.307,22.229,90.437,77.775,-4.063
Nitrogen_Oxide,1100.0,34.468,251.799,228.478,25.653,90.457,76.508,-3.633
Nitrogen_Oxide,1200.0,34.877,254.816,230.549,29.12,90.476,75.239,-3.275
Nitrogen_Oxide,1300.0,35.226,257.621,232.525,32.626,90.493,73.969,-2.972
Nitrogen_Oxide,1400.0,35.524,260.243,234.412,36.164,90.508,72.697,-2.712
Nitrogen_Oxide,1500.0,35.78,262.703,236.217,39.729,90.518,71.425,-2.487
Nitrogen_Oxide,1600.0,36.002,265.019,237.945,43.319,90.525,70.151,-2.29
Nitrogen_Oxide,1700.0,36.195,267.208,239.603,46.929,90.526,68.878,-2.116
Nitrogen_Oxide,1800.0,36.364,269.282,241.195,50.557,90.522,67.605,-1.962
Nitrogen_Oxide,1900.0,36.514,271.252,242.725,54.201,90.511,66.332,-1.824
Nitrogen_Oxide,2000.0,36.647,273.128,244.199,57.859,90.494,65.06,-1.699
Nitrogen_Oxide,2100.0,36.767,274.919,245.619,61.53,90.469,63.788,-1.587
Nitrogen_Oxide,2200.0,36.874,276.632,246.99,65.212,90.438,62.519,-1.484
Nitrogen_Oxide,2300.0,36.971,278.273,248.315,68.904,90.398,61.251,-1.391
Nitrogen_Oxide,2400.0,37.06,279.849,249.596,72.606,90.35,59.984,-1.306
Nitrogen_Oxide,2500.0,37.141,281.363,250.837,76.316,90.295,58.72,-1.227
Nitrogen_Oxide,2600.0,37.216,282.822,252.039,80.034,90.231,57.458,-1.154
Nitrogen_Oxide,2700.0,37.285,284.227,253.205,83.759,90.16,56.199,-1.087
Nitrogen_Oxide,2800.0,37.35,285.585,254.338,87.491,90.081,54.943,-1.025
Nitrogen_Oxide,2900.0,37.41,286.896,255.438,91.229,89.994,53.689,-0.967
Nitrogen_Oxide,3000.0,37.466,288.165,256.508,94.973,89.899,52.439,-0.913
Nitrogen_Oxide,3100.0,37.519,289.395,257.549,98.722,89.798,51.192,-0.863
Nitrogen_Oxide,3200.0,37.57,290.587,258.563,102.477,89.689,49.948,-0.815
Nitrogen_Oxide,3300.0,37.617,291.744,259.551,106.236,89.574,48.708,-0.771
Nitrogen_Oxide,3400.0,37.663,292.867,260.514,110.0,89.451,47.472,-0.729
Nitrogen_Oxide,3500.0,37.706,293.96,261.454,113.768,89.323,46.239,-0.69
Nitrogen_Oxide,3600.0,37.747,295.022,262.372,117.541,89.189,45.01,-0.653
Nitrogen_Oxide,3700.0,37.787,296.057,263.269,121.318,89.049,43.784,-0.618
Nitrogen_Oxide,3800.0,37.825,297.065,264.145,125.098,88.903,42.563,-0.585
Nitrogen_Oxide,3900.0,37.862,298.048,265.902,128.883,88.752,41.346,-0.554
Nitrogen_Oxide,4000.0,37.898,299.008,265.84,132.671,88.596,40.132,-0.524
Nitrogen_Oxide,4100.0,37.933,299.944,266.66,136.462,88.434,38.922,-0.496
Nitrogen_Oxide,4200.0,37.966,300.858,267.464,140.257,88.268,37.717,-0.469
Nitrogen_Oxide,4300.0,37.999,301.752,268.251,144.056,88.097,36.515,-0.444
Nitrogen_Oxide,4400.0,38.031,302.626,269.022,147.857,87.922,35.318,-0.419
Nitrogen_Oxide,4500.0,38.062,303.481,269.778,151.662,87.741,34.124,-0.396
Nitrogen_Oxide,4600.0,38.092,304.318,270.52,155.469,87.556,32.934,-0.374
Nitrogen_Oxide,4700.0,38.122,305.137,271.248,159.28,87.366,31.749,-0.353
Nitrogen_Oxide,4800.0,38.151,305.94,271.962,163.094,87.171,30.568,-0.333
Nitrogen_Oxide,4900.0,38.18,306.727,272.664,166.91,86.97,29.391,-0.313
Nitrogen_Oxide,5000.0,38.208,307.499,273.353,170.73,86.765,28.218,-0.295
Nitrogen_Oxide,5100.0,38.235,308.256,274.03,174.552,86.553,27.049,-0.277
Nitrogen_Oxide,5200.0,38.262,308.998,274.695,178.377,86.336,25.884,-0.26
Nitrogen_Oxide,5300.0,38.289,309.728,275.349,182.204,86.112,24.724,-0.244
Nitrogen_Oxide,5400.0,38.316,310.443,275.993,186.034,85.881,23.568,-0.228
Nitrogen_Oxide,5500.0,38.342,311.147,276.625,189.867,85.644,22.416,-0.213
Nitrogen_Oxide,5600.0,38.367,311.838,277.248,193.703,85.399,21.269,-0.198
Nitrogen_Oxide,5700.0,38.393,312.517,277.861,197.541,85.146,20.125,-0.184
Nitrogen_Oxide,5800.0,38.418,313.185,278.464,201.381,84.884,18.987,-0.171
Nitrogen_Oxide,5900.0,38.443,313.842,279.058,205.224,84.613,17.853,-0.158
Nitrogen_Oxide,6000.0,38.468,314.488,279.643,209.07,84.331,16.724,-0.146
